{"cameraMode":{"drawMode":0,"name":"Shaded","section":"Shading Mode"},"sceneLighting":false,"audioPlay":false,"sceneViewState":{"showFog":true,"showMaterialUpdate":false,"showSkybox":true,"showFlares":true,"showImageEffects":true,"showParticleSystems":true},"in2DMode":false,"pivot":{"x":2.378657579421997,"y":2.4273838996887209,"z":-1.161116123199463},"rotation":{"x":-0.1880270391702652,"y":0.46659746766090395,"z":0.10223082453012467,"w":0.8581849932670593},"size":4.957884311676025,"orthographic":false}