{"cameraMode":{"drawMode":0,"name":"Shaded","section":"Shading Mode"},"sceneLighting":true,"audioPlay":false,"sceneViewState":{"showFog":true,"showMaterialUpdate":false,"showSkybox":true,"showFlares":true,"showImageEffects":true,"showParticleSystems":true},"in2DMode":false,"pivot":{"x":-5.666031360626221,"y":31.446603775024415,"z":-104.79634094238281},"rotation":{"x":0.021309752017259599,"y":0.015307399444282055,"z":-0.00032609194749966264,"w":0.9996556639671326},"size":17.77419662475586,"orthographic":false}