{"cameraMode":{"drawMode":0,"name":"Shaded","section":"Shading Mode"},"sceneLighting":false,"audioPlay":false,"sceneViewState":{"showFog":true,"showMaterialUpdate":false,"showSkybox":true,"showFlares":true,"showImageEffects":true,"showParticleSystems":true},"in2DMode":false,"pivot":{"x":-3.5094072818756105,"y":-3.299588680267334,"z":-6.214450836181641},"rotation":{"x":-0.13432353734970094,"y":0.8629315495491028,"z":-0.37948688864707949,"w":-0.30544421076774599},"size":4.957884311676025,"orthographic":false}