{"cameraMode":{"drawMode":0,"name":"Shaded","section":"Shading Mode"},"sceneLighting":true,"audioPlay":false,"sceneViewState":{"showFog":true,"showMaterialUpdate":false,"showSkybox":true,"showFlares":true,"showImageEffects":true,"showParticleSystems":true},"in2DMode":false,"pivot":{"x":5.431917190551758,"y":-50.61102294921875,"z":-6.909605026245117},"rotation":{"x":0.12008221447467804,"y":-0.8738268613815308,"z":0.27348440885543826,"w":0.3836837112903595},"size":22.0,"orthographic":false}