{"cameraMode":{"drawMode":0,"name":"Shaded","section":"Shading Mode"},"sceneLighting":true,"audioPlay":false,"sceneViewState":{"showFog":true,"showMaterialUpdate":false,"showSkybox":true,"showFlares":true,"showImageEffects":true,"showParticleSystems":true},"in2DMode":false,"pivot":{"x":-94.0106201171875,"y":53.2028923034668,"z":-123.30903625488281},"rotation":{"x":0.17932400107383729,"y":0.3580414354801178,"z":-0.0702749639749527,"w":0.9136250615119934},"size":17.77419662475586,"orthographic":false}