{"cameraMode":{"drawMode":0,"name":"Shaded","section":"Shading Mode"},"sceneLighting":false,"audioPlay":false,"sceneViewState":{"showFog":true,"showMaterialUpdate":false,"showSkybox":true,"showFlares":true,"showImageEffects":true,"showParticleSystems":true},"in2DMode":false,"pivot":{"x":0.4816462993621826,"y":0.1282699555158615,"z":0.9711995720863342},"rotation":{"x":0.022375445812940599,"y":0.19371169805526734,"z":-0.004419212229549885,"w":0.9807933568954468},"size":2.8578836917877199,"orthographic":false}