{"cameraMode":{"drawMode":0,"name":"Shaded","section":"Shading Mode"},"sceneLighting":false,"audioPlay":false,"sceneViewState":{"showFog":true,"showMaterialUpdate":false,"showSkybox":true,"showFlares":true,"showImageEffects":true,"showParticleSystems":true},"in2DMode":false,"pivot":{"x":-1.2535406351089478,"y":0.17485535144805909,"z":-8.456955909729004},"rotation":{"x":-0.06176279857754707,"y":0.015566551126539708,"z":-0.0009633652516640723,"w":-0.9979690313339233},"size":2.8578836917877199,"orthographic":false}